-- phpMyAdmin SQL Dump
-- version 5.2.1
-- https://www.phpmyadmin.net/
--
-- Host: 127.0.0.1
-- Generation Time: May 23, 2025 at 11:49 AM
-- Server version: 10.4.32-MariaDB
-- PHP Version: 8.2.12

SET SQL_MODE = "NO_AUTO_VALUE_ON_ZERO";
START TRANSACTION;
SET time_zone = "+00:00";


/*!40101 SET @OLD_CHARACTER_SET_CLIENT=@@CHARACTER_SET_CLIENT */;
/*!40101 SET @OLD_CHARACTER_SET_RESULTS=@@CHARACTER_SET_RESULTS */;
/*!40101 SET @OLD_COLLATION_CONNECTION=@@COLLATION_CONNECTION */;
/*!40101 SET NAMES utf8mb4 */;

--
-- Database: `realestatephp`
--

-- --------------------------------------------------------

--
-- Table structure for table `about`
--

CREATE TABLE `about` (
  `id` int(10) NOT NULL,
  `title` varchar(100) NOT NULL,
  `content` longtext NOT NULL,
  `image` varchar(300) NOT NULL
) ENGINE=InnoDB DEFAULT CHARSET=utf8mb4 COLLATE=utf8mb4_general_ci;

--
-- Dumping data for table `about`
--

INSERT INTO `about` (`id`, `title`, `content`, `image`) VALUES
(10, 'About Us', '<div id=\"pgc-w5d0dcc3394ac1-0-0\" class=\"panel-grid-cell\">\r\n<div id=\"panel-w5d0dcc3394ac1-0-0-0\" class=\"so-panel widget widget_sow-editor panel-first-child panel-last-child\" data-index=\"0\">\r\n<div class=\"so-widget-sow-editor so-widget-sow-editor-base\">\r\n<div class=\"siteorigin-widget-tinymce textwidget\">\r\n<h2 data-start=\"89\" data-end=\"108\">&Agrave; propos de nous</h2>\r\n<p data-start=\"110\" data-end=\"183\"><strong data-start=\"110\" data-end=\"183\">Bienvenue chez Sema &ndash; Votre partenaire de confiance dans l\'immobilier</strong></p>\r\n<p data-start=\"185\" data-end=\"523\">Chez <strong data-start=\"190\" data-end=\"198\">Sema</strong>, nous pensons que trouver un logement ne devrait pas &ecirc;tre une source de stress, mais une &eacute;tape passionnante. Que vous souhaitiez <strong data-start=\"328\" data-end=\"362\">acheter la maison de vos r&ecirc;ves</strong>, <strong data-start=\"364\" data-end=\"394\">investir dans l\'immobilier</strong> ou simplement <strong data-start=\"409\" data-end=\"445\">louer un appartement confortable</strong>, nous sommes l&agrave; pour rendre votre exp&eacute;rience simple, claire et satisfaisante.</p>\r\n<h3 data-start=\"525\" data-end=\"546\">Qui sommes-nous ?</h3>\r\n<p data-start=\"548\" data-end=\"852\">Sema est une entreprise sp&eacute;cialis&eacute;e dans la <strong data-start=\"592\" data-end=\"645\">vente et la location de maisons et d\'appartements</strong>. Gr&acirc;ce &agrave; une &eacute;quipe exp&eacute;riment&eacute;e et une parfaite connaissance du march&eacute; immobilier, nous mettons en relation les personnes avec les biens qui correspondent &agrave; leurs besoins, leur style de vie et leur budget.</p>\r\n<h3 data-start=\"854\" data-end=\"870\">Nos services</h3>\r\n<ul data-start=\"872\" data-end=\"1234\">\r\n<li data-start=\"872\" data-end=\"1078\">\r\n<p data-start=\"874\" data-end=\"1078\"><strong data-start=\"874\" data-end=\"904\">Vente de biens immobiliers</strong> : Que vous recherchiez un appartement cosy ou une grande maison familiale, nous vous aidons &agrave; trouver le bien id&eacute;al et vous accompagnons tout au long du processus d&rsquo;achat.</p>\r\n</li>\r\n<li data-start=\"1079\" data-end=\"1234\">\r\n<p data-start=\"1081\" data-end=\"1234\"><strong data-start=\"1081\" data-end=\"1093\">Location</strong> : Vous cherchez un logement &agrave; louer ? Nous proposons une large gamme d&rsquo;appartements et de maisons &agrave; louer, adapt&eacute;s &agrave; tous les styles de vie.</p>\r\n</li>\r\n</ul>\r\n</div>\r\n</div>\r\n</div>\r\n</div>', 'condos-pool.png');

-- --------------------------------------------------------

--
-- Table structure for table `admin`
--

CREATE TABLE `admin` (
  `aid` int(10) NOT NULL,
  `auser` varchar(50) NOT NULL,
  `aemail` varchar(50) NOT NULL,
  `apass` varchar(50) NOT NULL,
  `adob` date NOT NULL,
  `aphone` varchar(15) NOT NULL
) ENGINE=InnoDB DEFAULT CHARSET=utf8mb4 COLLATE=utf8mb4_general_ci;

--
-- Dumping data for table `admin`
--

INSERT INTO `admin` (`aid`, `auser`, `aemail`, `apass`, `adob`, `aphone`) VALUES
(9, 'admin', 'admin@gmail.com', '6812f136d636e737248d365016f8cfd5139e387c', '1994-12-06', '1470002569');

-- --------------------------------------------------------

--
-- Table structure for table `city`
--

CREATE TABLE `city` (
  `cid` int(50) NOT NULL,
  `cname` varchar(100) NOT NULL,
  `sid` int(50) NOT NULL
) ENGINE=InnoDB DEFAULT CHARSET=utf8mb4 COLLATE=utf8mb4_general_ci;

--
-- Dumping data for table `city`
--

INSERT INTO `city` (`cid`, `cname`, `sid`) VALUES
(9, 'Olisphis', 3),
(10, 'Alegas', 2),
(11, 'Floson', 2),
(12, 'Ulmore', 7),
(13, 'Awrerton', 15);

-- --------------------------------------------------------

--
-- Table structure for table `contact`
--

CREATE TABLE `contact` (
  `cid` int(50) NOT NULL,
  `name` varchar(100) NOT NULL,
  `email` varchar(100) NOT NULL,
  `phone` varchar(20) NOT NULL,
  `subject` varchar(100) NOT NULL,
  `message` varchar(250) NOT NULL
) ENGINE=InnoDB DEFAULT CHARSET=utf8mb4 COLLATE=utf8mb4_general_ci;

--
-- Dumping data for table `contact`
--

INSERT INTO `contact` (`cid`, `name`, `email`, `phone`, `subject`, `message`) VALUES
(7, 'codeastro', 'asda@asd.com', '8888885454', 'codeastro.com', 'asdasdasd'),
(8, 'yoyo ', 'test@test.com', '12356809', 'yoyo', 'yoyo');

-- --------------------------------------------------------

--
-- Table structure for table `feedback`
--

CREATE TABLE `feedback` (
  `fid` int(50) NOT NULL,
  `uid` int(50) NOT NULL,
  `fdescription` varchar(300) NOT NULL,
  `status` int(1) NOT NULL,
  `date` datetime NOT NULL DEFAULT current_timestamp()
) ENGINE=InnoDB DEFAULT CHARSET=utf8mb4 COLLATE=utf8mb4_general_ci;

--
-- Dumping data for table `feedback`
--

INSERT INTO `feedback` (`fid`, `uid`, `fdescription`, `status`, `date`) VALUES
(7, 28, 'Excellente expérience ! L’équipe a été disponible, à l’écoute et très professionnelle du début à la fin. Grâce à eux, j’ai trouvé mon appartement idéal en un temps record. Je recommande à 100 % !', 1, '2022-07-23 16:07:08'),
(8, 33, 'Service irréprochable, conseils pertinents et accompagnement personnalisé. L’agence a su identifier rapidement un bien rentable correspondant à mes objectifs. Une vraie relation de confiance s’est installée', 1, '2022-07-23 21:51:09');

-- --------------------------------------------------------

--
-- Table structure for table `property`
--

CREATE TABLE `property` (
  `pid` int(50) NOT NULL,
  `title` varchar(200) NOT NULL,
  `pcontent` longtext NOT NULL,
  `type` varchar(100) NOT NULL,
  `bhk` varchar(50) NOT NULL,
  `stype` varchar(100) NOT NULL,
  `bedroom` int(50) NOT NULL,
  `bathroom` int(50) NOT NULL,
  `balcony` int(50) NOT NULL,
  `kitchen` int(50) NOT NULL,
  `hall` int(50) NOT NULL,
  `floor` varchar(50) NOT NULL,
  `size` int(50) NOT NULL,
  `price` int(50) NOT NULL,
  `location` varchar(200) NOT NULL,
  `city` varchar(100) NOT NULL,
  `state` varchar(100) NOT NULL,
  `feature` longtext NOT NULL,
  `pimage` varchar(300) NOT NULL,
  `pimage1` varchar(300) NOT NULL,
  `pimage2` varchar(300) NOT NULL,
  `pimage3` varchar(300) NOT NULL,
  `pimage4` varchar(300) NOT NULL,
  `uid` int(50) NOT NULL,
  `status` varchar(50) NOT NULL,
  `mapimage` varchar(300) NOT NULL,
  `topmapimage` varchar(300) NOT NULL,
  `groundmapimage` varchar(300) NOT NULL,
  `totalfloor` varchar(50) NOT NULL,
  `date` datetime NOT NULL DEFAULT current_timestamp(),
  `isFeatured` int(11) DEFAULT NULL
) ENGINE=InnoDB DEFAULT CHARSET=utf8mb4 COLLATE=utf8mb4_general_ci;

--
-- Dumping data for table `property`
--

INSERT INTO `property` (`pid`, `title`, `pcontent`, `type`, `bhk`, `stype`, `bedroom`, `bathroom`, `balcony`, `kitchen`, `hall`, `floor`, `size`, `price`, `location`, `city`, `state`, `feature`, `pimage`, `pimage1`, `pimage2`, `pimage3`, `pimage4`, `uid`, `status`, `mapimage`, `topmapimage`, `groundmapimage`, `totalfloor`, `date`, `isFeatured`) VALUES
(25, 'Zills Home', '', 'house', '4 BHK', 'sale', 4, 2, 0, 1, 1, '2nd Floor', 1869, 219690, '39 Bailey Drive', 'Floson', 'Colotana', '<p>&nbsp;</p>\r\n<!---feature area start--->\r\n<div class=\"col-md-4\">\r\n<ul>\r\n<li class=\"mb-3\"><span class=\"text-secondary font-weight-bold\">Property Age : </span>10 Years</li>\r\n<li class=\"mb-3\"><span class=\"text-secondary font-weight-bold\">Swiming Pool : </span>Yes</li>\r\n<li class=\"mb-3\"><span class=\"text-secondary font-weight-bold\">Parking : </span>Yes</li>\r\n<li class=\"mb-3\"><span class=\"text-secondary font-weight-bold\">GYM : </span>Yes</li>\r\n</ul>\r\n</div>\r\n<div class=\"col-md-4\">\r\n<ul>\r\n<li class=\"mb-3\"><span class=\"text-secondary font-weight-bold\">Type : </span>Appartment</li>\r\n<li class=\"mb-3\"><span class=\"text-secondary font-weight-bold\">Security : </span>Yes</li>\r\n<li class=\"mb-3\"><span class=\"text-secondary font-weight-bold\">Dining Capacity : </span>10 People</li>\r\n<li class=\"mb-3\"><span class=\"text-secondary font-weight-bold\">Church/Temple : </span>Yes</li>\r\n</ul>\r\n</div>\r\n<div class=\"col-md-4\">\r\n<ul>\r\n<li class=\"mb-3\"><span class=\"text-secondary font-weight-bold\">3rd Party : </span>No</li>\r\n<li class=\"mb-3\"><span class=\"text-secondary font-weight-bold\">Elevator : </span>Yes</li>\r\n<li class=\"mb-3\"><span class=\"text-secondary font-weight-bold\">CCTV : </span>Yes</li>\r\n<li class=\"mb-3\"><span class=\"text-secondary font-weight-bold\">Water Supply : </span>Ground Water / Tank</li>\r\n</ul>\r\n</div>\r\n<!---feature area end---->\r\n<p>&nbsp;</p>', 'zillhms1.jpg', 'zillhms2.jpg', 'zillhms3.jpg', 'zillhms4.jpg', 'zillhms5.jpg', 30, 'available', 'floorplan_sample.jpg', 'zillhms7.jpg', 'zillhms6.jpg', '2 Floor', '2022-07-22 22:29:20', 0),
(30, 'Maison à vendre', '<p>fqsfsqf</p>', 'house', '4 BHK', 'sale', 5, 3, 5, 1, 4, '2nd Floor', 200, 840000, 'Lille', 'Floson', 'Colontana', '<p>&nbsp;</p>\r\n<!---feature area start--->\r\n<div class=\"col-md-4\">\r\n<ul>\r\n<li class=\"mb-3\"><span class=\"text-secondary font-weight-bold\">Property Age : </span>10 Years</li>\r\n<li class=\"mb-3\"><span class=\"text-secondary font-weight-bold\">Swiming Pool : </span>Yes</li>\r\n<li class=\"mb-3\"><span class=\"text-secondary font-weight-bold\">Parking : </span>Yes</li>\r\n<li class=\"mb-3\"><span class=\"text-secondary font-weight-bold\">GYM : </span>Yes</li>\r\n</ul>\r\n</div>\r\n<div class=\"col-md-4\">\r\n<ul>\r\n<li class=\"mb-3\"><span class=\"text-secondary font-weight-bold\">Type : </span>Apartment</li>\r\n<li class=\"mb-3\"><span class=\"text-secondary font-weight-bold\">Security : </span>Yes</li>\r\n<li class=\"mb-3\"><span class=\"text-secondary font-weight-bold\">Dining Capacity : </span>10 People</li>\r\n<li class=\"mb-3\"><span class=\"text-secondary font-weight-bold\">Church/Temple : </span>No</li>\r\n</ul>\r\n</div>\r\n<div class=\"col-md-4\">\r\n<ul>\r\n<li class=\"mb-3\"><span class=\"text-secondary font-weight-bold\">3rd Party : </span>No</li>\r\n<li class=\"mb-3\"><span class=\"text-secondary font-weight-bold\">Alivator : </span>Yes</li>\r\n<li class=\"mb-3\"><span class=\"text-secondary font-weight-bold\">CCTV : </span>Yes</li>\r\n<li class=\"mb-3\"><span class=\"text-secondary font-weight-bold\">Water Supply : </span>Ground Water / Tank</li>\r\n</ul>\r\n</div>\r\n<!---feature area end---->\r\n<p>&nbsp;</p>', 'test.jpg', 'test.jpg', 'test.jpg', 'test.jpg', 'test.jpg', 30, 'available', 'test.jpg', 'test.jpg', 'test.jpg', '2 Floor', '2025-05-19 15:29:47', 1),
(31, 'maison avendre', '<p>maison</p>', 'house', '1 BHK', 'sale', 5, 3, 5, 1, 4, '1st Floor', 150, 400000, 'Lille', 'Floson', 'Nord', '<p>&nbsp;</p>\r\n<!---feature area start--->\r\n<div class=\"col-md-4\">\r\n<ul>\r\n<li class=\"mb-3\"><span class=\"text-secondary font-weight-bold\">Property Age : </span>10 Years</li>\r\n<li class=\"mb-3\"><span class=\"text-secondary font-weight-bold\">Swiming Pool : </span>Yes</li>\r\n<li class=\"mb-3\"><span class=\"text-secondary font-weight-bold\">Parking : </span>Yes</li>\r\n<li class=\"mb-3\"><span class=\"text-secondary font-weight-bold\">GYM : </span>Yes</li>\r\n</ul>\r\n</div>\r\n<div class=\"col-md-4\">\r\n<ul>\r\n<li class=\"mb-3\"><span class=\"text-secondary font-weight-bold\">Type : </span>Apartment</li>\r\n<li class=\"mb-3\"><span class=\"text-secondary font-weight-bold\">Security : </span>Yes</li>\r\n<li class=\"mb-3\"><span class=\"text-secondary font-weight-bold\">Dining Capacity : </span>10 People</li>\r\n<li class=\"mb-3\"><span class=\"text-secondary font-weight-bold\">Church/Temple : </span>No</li>\r\n</ul>\r\n</div>\r\n<div class=\"col-md-4\">\r\n<ul>\r\n<li class=\"mb-3\"><span class=\"text-secondary font-weight-bold\">3rd Party : </span>No</li>\r\n<li class=\"mb-3\"><span class=\"text-secondary font-weight-bold\">Elevator : </span>Yes</li>\r\n<li class=\"mb-3\"><span class=\"text-secondary font-weight-bold\">CCTV : </span>Yes</li>\r\n<li class=\"mb-3\"><span class=\"text-secondary font-weight-bold\">Water Supply : </span>Ground Water / Tank</li>\r\n</ul>\r\n</div>\r\n<!---feature area end---->\r\n<p>&nbsp;</p>', '921f97322e84bbd021179158945e1705ad7045c1.jpg', '921f97322e84bbd021179158945e1705ad7045c1.jpg', '921f97322e84bbd021179158945e1705ad7045c1.jpg', '921f97322e84bbd021179158945e1705ad7045c1.jpg', '921f97322e84bbd021179158945e1705ad7045c1.jpg', 37, 'available', '921f97322e84bbd021179158945e1705ad7045c1.jpg', '921f97322e84bbd021179158945e1705ad7045c1.jpg', '921f97322e84bbd021179158945e1705ad7045c1.jpg', '1 Floor', '2025-05-20 21:12:35', 1),
(32, 'Maison de luxe', '<p>Maison de luxe</p>', 'house', '1 BHK', 'rent', 5, 3, 5, 1, 4, '1st Floor', 200, 1000000, 'Lille', 'Floson', 'Nord', '<p>&nbsp;</p>\r\n<!---feature area start--->\r\n<div class=\"col-md-4\">\r\n<ul>\r\n<li class=\"mb-3\"><span class=\"text-secondary font-weight-bold\">Property Age : </span>10 Years</li>\r\n<li class=\"mb-3\"><span class=\"text-secondary font-weight-bold\">Swiming Pool : </span>Yes</li>\r\n<li class=\"mb-3\"><span class=\"text-secondary font-weight-bold\">Parking : </span>Yes</li>\r\n<li class=\"mb-3\"><span class=\"text-secondary font-weight-bold\">GYM : </span>Yes</li>\r\n</ul>\r\n</div>\r\n<div class=\"col-md-4\">\r\n<ul>\r\n<li class=\"mb-3\"><span class=\"text-secondary font-weight-bold\">Type : </span>Apartment</li>\r\n<li class=\"mb-3\"><span class=\"text-secondary font-weight-bold\">Security : </span>Yes</li>\r\n<li class=\"mb-3\"><span class=\"text-secondary font-weight-bold\">Dining Capacity : </span>10 People</li>\r\n<li class=\"mb-3\"><span class=\"text-secondary font-weight-bold\">Church/Temple : </span>No</li>\r\n</ul>\r\n</div>\r\n<div class=\"col-md-4\">\r\n<ul>\r\n<li class=\"mb-3\"><span class=\"text-secondary font-weight-bold\">3rd Party : </span>No</li>\r\n<li class=\"mb-3\"><span class=\"text-secondary font-weight-bold\">Elevator : </span>Yes</li>\r\n<li class=\"mb-3\"><span class=\"text-secondary font-weight-bold\">CCTV : </span>Yes</li>\r\n</ul>\r\n</div>\r\n<!---feature area end---->\r\n<p>&nbsp;</p>', '15a584c65bc7334a79af95b88d7f1463ab886f5e.webp', '15a584c65bc7334a79af95b88d7f1463ab886f5e.webp', '15a584c65bc7334a79af95b88d7f1463ab886f5e.webp', '15a584c65bc7334a79af95b88d7f1463ab886f5e.webp', '15a584c65bc7334a79af95b88d7f1463ab886f5e.webp', 37, 'sold out', '15a584c65bc7334a79af95b88d7f1463ab886f5e.webp', '15a584c65bc7334a79af95b88d7f1463ab886f5e.webp', '15a584c65bc7334a79af95b88d7f1463ab886f5e.webp', '2 Floor', '2025-05-20 21:32:53', 1),
(33, 'Chateaux a vendre', '<p>Chateaux a vendre</p>', 'house', '1 BHK', 'sale', 5, 3, 5, 1, 4, '1st Floor', 200, 400000, 'Lille', 'Floson', 'Nord', '<p>&nbsp;</p>\r\n<!---feature area start--->\r\n<div class=\"col-md-4\">\r\n<ul>\r\n<li class=\"mb-3\"><span class=\"text-secondary font-weight-bold\">Property Age : </span>10 Years</li>\r\n<li class=\"mb-3\"><span class=\"text-secondary font-weight-bold\">Swiming Pool : </span>Yes</li>\r\n<li class=\"mb-3\"><span class=\"text-secondary font-weight-bold\">Parking : </span>Yes</li>\r\n<li class=\"mb-3\"><span class=\"text-secondary font-weight-bold\">GYM : </span>Yes</li>\r\n</ul>\r\n</div>\r\n<div class=\"col-md-4\">\r\n<ul>\r\n<li class=\"mb-3\"><span class=\"text-secondary font-weight-bold\">Type : </span>Apartment</li>\r\n<li class=\"mb-3\"><span class=\"text-secondary font-weight-bold\">Security : </span>Yes</li>\r\n<li class=\"mb-3\"><span class=\"text-secondary font-weight-bold\">Dining Capacity : </span>10 People</li>\r\n<li class=\"mb-3\"><span class=\"text-secondary font-weight-bold\">Church/Temple : </span>No</li>\r\n</ul>\r\n</div>\r\n<div class=\"col-md-4\">\r\n<ul>\r\n<li class=\"mb-3\"><span class=\"text-secondary font-weight-bold\">3rd Party : </span>No</li>\r\n<li class=\"mb-3\"><span class=\"text-secondary font-weight-bold\">Elevator : </span>Yes</li>\r\n<li class=\"mb-3\"><span class=\"text-secondary font-weight-bold\">CCTV : </span>Yes</li>\r\n<li class=\"mb-3\"><span class=\"text-secondary font-weight-bold\">Water Supply : </span>Ground Water / Tank</li>\r\n</ul>\r\n</div>\r\n<!---feature area end---->\r\n<p>&nbsp;</p>', 'de892d08f615a0742751f3c0c99ba6d9af1e9bce.webp', 'de892d08f615a0742751f3c0c99ba6d9af1e9bce.webp', 'de892d08f615a0742751f3c0c99ba6d9af1e9bce.webp', 'de892d08f615a0742751f3c0c99ba6d9af1e9bce.webp', 'de892d08f615a0742751f3c0c99ba6d9af1e9bce.webp', 37, 'available', 'de892d08f615a0742751f3c0c99ba6d9af1e9bce.webp', 'de892d08f615a0742751f3c0c99ba6d9af1e9bce.webp', 'de892d08f615a0742751f3c0c99ba6d9af1e9bce.webp', '3 Floor', '2025-05-20 21:37:42', 1),
(34, 'Maison a louer', '', 'house', '1 BHK', 'rent', 5, 3, 5, 1, 4, '1st Floor', 200, 3000, 'Lille', 'Floson', 'Nord', '<p>&nbsp;</p>\r\n<!---feature area start--->\r\n<div class=\"col-md-4\">\r\n<ul>\r\n<li class=\"mb-3\"><span class=\"text-secondary font-weight-bold\">Property Age : </span>10 Years</li>\r\n<li class=\"mb-3\"><span class=\"text-secondary font-weight-bold\">Swiming Pool : </span>Yes</li>\r\n<li class=\"mb-3\"><span class=\"text-secondary font-weight-bold\">Parking : </span>Yes</li>\r\n<li class=\"mb-3\"><span class=\"text-secondary font-weight-bold\">GYM : </span>Yes</li>\r\n</ul>\r\n</div>\r\n<div class=\"col-md-4\">\r\n<ul>\r\n<li class=\"mb-3\"><span class=\"text-secondary font-weight-bold\">Type : </span>Apartment</li>\r\n<li class=\"mb-3\"><span class=\"text-secondary font-weight-bold\">Security : </span>Yes</li>\r\n<li class=\"mb-3\"><span class=\"text-secondary font-weight-bold\">Dining Capacity : </span>10 People</li>\r\n<li class=\"mb-3\"><span class=\"text-secondary font-weight-bold\">Church/Temple : </span>No</li>\r\n</ul>\r\n</div>\r\n<div class=\"col-md-4\">\r\n<ul>\r\n<li class=\"mb-3\"><span class=\"text-secondary font-weight-bold\">3rd Party : </span>No</li>\r\n<li class=\"mb-3\"><span class=\"text-secondary font-weight-bold\">Elevator : </span>Yes</li>\r\n<li class=\"mb-3\"><span class=\"text-secondary font-weight-bold\">CCTV : </span>Yes</li>\r\n<li class=\"mb-3\"><span class=\"text-secondary font-weight-bold\">Water Supply : </span>Ground Water / Tank</li>\r\n</ul>\r\n</div>\r\n<!---feature area end---->\r\n<p>&nbsp;</p>', 'd03ef917a565bac9408b0703dd0854e26b919d1e.webp', 'd03ef917a565bac9408b0703dd0854e26b919d1e.webp', 'd03ef917a565bac9408b0703dd0854e26b919d1e.webp', 'd03ef917a565bac9408b0703dd0854e26b919d1e.webp', 'd03ef917a565bac9408b0703dd0854e26b919d1e.webp', 37, 'available', 'd03ef917a565bac9408b0703dd0854e26b919d1e.webp', 'd03ef917a565bac9408b0703dd0854e26b919d1e.webp', 'd03ef917a565bac9408b0703dd0854e26b919d1e.webp', '3 Floor', '2025-05-20 21:40:42', 1);

-- --------------------------------------------------------

--
-- Table structure for table `state`
--

CREATE TABLE `state` (
  `sid` int(50) NOT NULL,
  `sname` varchar(100) NOT NULL
) ENGINE=InnoDB DEFAULT CHARSET=utf8mb4 COLLATE=utf8mb4_general_ci;

--
-- Dumping data for table `state`
--

INSERT INTO `state` (`sid`, `sname`) VALUES
(2, 'Colotana'),
(3, 'Floaii'),
(4, 'Virconsin'),
(7, 'West Misstana\n\n'),
(9, 'New Pennrk\n\n'),
(10, 'Louiswa\n\n'),
(15, 'Wisginia\n\n');

-- --------------------------------------------------------

--
-- Table structure for table `user`
--

CREATE TABLE `user` (
  `uid` int(50) NOT NULL,
  `uname` varchar(100) NOT NULL,
  `uemail` varchar(100) NOT NULL,
  `uphone` varchar(20) NOT NULL,
  `upass` varchar(50) NOT NULL,
  `utype` varchar(50) NOT NULL,
  `uimage` varchar(300) NOT NULL
) ENGINE=InnoDB DEFAULT CHARSET=utf8mb4 COLLATE=utf8mb4_general_ci;

--
-- Dumping data for table `user`
--

INSERT INTO `user` (`uid`, `uname`, `uemail`, `uphone`, `upass`, `utype`, `uimage`) VALUES
(28, 'Christine', 'christine@mail.com', '7777444455', '6812f136d636e737248d365016f8cfd5139e387c', 'user', 'gr7.png'),
(29, 'Alice Howard', 'howarda@mail.com', '7775552214', '6812f136d636e737248d365016f8cfd5139e387c', 'agent', 'avatarm2-min.jpg'),
(30, 'Thomas Olson', 'thomas@mail.com', '7896665555', '6812f136d636e737248d365016f8cfd5139e387c', 'user', 'avatarm7-min.jpg'),
(31, 'Cynthia N. Moore', 'moore@mail.com', '7896547855', '6812f136d636e737248d365016f8cfd5139e387c', 'agent', 'user-default-3-min.png'),
(32, 'Carl Jones', 'carl@mail.com', '1458887969', '6812f136d636e737248d365016f8cfd5139e387c', 'agent', 'user-profile-min.png'),
(33, 'Noah Stones', 'noah@mail.com', '7965555544', '6812f136d636e737248d365016f8cfd5139e387c', 'user', 'usersys-min.png'),
(34, 'Fred Godines', 'fred@mail.com', '7850002587', '6812f136d636e737248d365016f8cfd5139e387c', 'builder', 'user-a-min.png'),
(35, 'Michael', 'michael@mail.com', '8542221140', '6812f136d636e737248d365016f8cfd5139e387c', 'user', 'usric.png'),
(37, 'test', 'test@test.com', '8865341423', 'a94a8fe5ccb19ba61c4c0873d391e987982fbbd3', 'agent', 'home6.PNG');

--
-- Indexes for dumped tables
--

--
-- Indexes for table `about`
--
ALTER TABLE `about`
  ADD PRIMARY KEY (`id`);

--
-- Indexes for table `admin`
--
ALTER TABLE `admin`
  ADD PRIMARY KEY (`aid`);

--
-- Indexes for table `city`
--
ALTER TABLE `city`
  ADD PRIMARY KEY (`cid`);

--
-- Indexes for table `contact`
--
ALTER TABLE `contact`
  ADD PRIMARY KEY (`cid`);

--
-- Indexes for table `feedback`
--
ALTER TABLE `feedback`
  ADD PRIMARY KEY (`fid`);

--
-- Indexes for table `property`
--
ALTER TABLE `property`
  ADD PRIMARY KEY (`pid`);

--
-- Indexes for table `state`
--
ALTER TABLE `state`
  ADD PRIMARY KEY (`sid`);

--
-- Indexes for table `user`
--
ALTER TABLE `user`
  ADD PRIMARY KEY (`uid`);

--
-- AUTO_INCREMENT for dumped tables
--

--
-- AUTO_INCREMENT for table `about`
--
ALTER TABLE `about`
  MODIFY `id` int(10) NOT NULL AUTO_INCREMENT, AUTO_INCREMENT=11;

--
-- AUTO_INCREMENT for table `admin`
--
ALTER TABLE `admin`
  MODIFY `aid` int(10) NOT NULL AUTO_INCREMENT, AUTO_INCREMENT=10;

--
-- AUTO_INCREMENT for table `city`
--
ALTER TABLE `city`
  MODIFY `cid` int(50) NOT NULL AUTO_INCREMENT, AUTO_INCREMENT=14;

--
-- AUTO_INCREMENT for table `contact`
--
ALTER TABLE `contact`
  MODIFY `cid` int(50) NOT NULL AUTO_INCREMENT, AUTO_INCREMENT=9;

--
-- AUTO_INCREMENT for table `feedback`
--
ALTER TABLE `feedback`
  MODIFY `fid` int(50) NOT NULL AUTO_INCREMENT, AUTO_INCREMENT=9;

--
-- AUTO_INCREMENT for table `property`
--
ALTER TABLE `property`
  MODIFY `pid` int(50) NOT NULL AUTO_INCREMENT, AUTO_INCREMENT=35;

--
-- AUTO_INCREMENT for table `state`
--
ALTER TABLE `state`
  MODIFY `sid` int(50) NOT NULL AUTO_INCREMENT, AUTO_INCREMENT=16;

--
-- AUTO_INCREMENT for table `user`
--
ALTER TABLE `user`
  MODIFY `uid` int(50) NOT NULL AUTO_INCREMENT, AUTO_INCREMENT=38;
COMMIT;

/*!40101 SET CHARACTER_SET_CLIENT=@OLD_CHARACTER_SET_CLIENT */;
/*!40101 SET CHARACTER_SET_RESULTS=@OLD_CHARACTER_SET_RESULTS */;
/*!40101 SET COLLATION_CONNECTION=@OLD_COLLATION_CONNECTION */;
